Age,Income,CreditScore,LoanAmount,Experience,Savings,TransactionCount,Approved
59,82761,742,246058,7,108119,68,1
49,146178,685,153623,25,57003,90,1
35,61368,745,81001,28,99837,108,1
28,31783,624,200231,9,99283,57,0
41,136530,767,142775,16,152044,14,1
59,66914,630,53243,1,128805,57,1
39,95507,736,172872,5,98846,105,1
43,104026,517,281716,4,27927,12,1
31,140893,539,288854,27,125589,56,1
31,136255,520,191918,4,120657,71,1
44,135616,724,239055,17,71630,108,1
56,92526,781,230129,25,109428,23,1
44,95835,507,228139,19,127035,72,1
23,70765,599,100257,26,188419,70,1
42,44956,739,26530,11,131244,40,1
22,112895,586,293260,6,74518,104,1
44,71240,797,85794,2,181355,26,1
50,146008,513,230545,9,86326,33,1
58,62148,833,152970,33,148277,32,1
22,119270,501,24135,24,125243,91,1
41,29757,792,270870,34,17748,59,0
53,44097,824,109087,15,157169,87,1
32,35395,540,216103,1,139164,88,0
42,41241,817,299215,23,58311,88,1
45,128892,815,40074,9,27692,79,1
47,52696,610,241796,21,129954,36,1
48,140654,513,87843,25,159934,24,1
36,95480,730,59901,26,135035,59,1
35,71163,583,293349,28,84507,45,1
23,44816,629,288050,19,85152,17,0
57,74840,730,82987,26,9926,88,1
27,127547,825,74400,19,8969,12,1
41,77853,644,176222,18,40733,71,1
29,49917,844,51852,19,74855,56,1
59,121731,527,139052,34,46743,86,1
38,46566,565,76481,1,135193,114,0
24,100452,662,283427,29,175948,107,1
45,87823,728,53691,33,112445,97,1
34,146392,760,218137,21,25323,113,1
29,45806,663,46170,2,21428,105,0
46,100520,800,28438,5,39578,70,1
22,26759,802,167226,14,91486,41,1
40,66949,786,291896,26,69140,103,1
48,117374,509,75426,9,112325,22,1
27,27482,694,259968,8,88829,10,1
28,49442,617,175289,32,11364,43,0
55,58719,769,281501,31,133867,71,1
34,83066,579,239780,5,171421,88,1
37,118501,592,166108,1,136763,117,1
56,27079,765,228347,28,100598,87,1
24,27717,831,117756,3,181968,102,0
22,84676,849,115665,0,62062,107,1
26,52952,756,151717,18,149933,91,1
24,111444,632,182002,25,93302,80,1
49,67460,775,281691,24,68928,102,1
38,115397,763,101835,9,46347,40,1
46,97847,670,142232,14,8121,73,1
54,118607,500,238561,21,88793,34,1
30,114106,812,263051,20,33164,47,1
56,43449,563,177547,21,30491,23,0
34,58536,783,63732,33,64222,17,1
51,89077,620,232695,29,159237,100,1
35,63258,606,197109,24,8748,63,0
28,73302,674,29346,27,31553,11,1
34,53865,703,282731,0,121547,90,1
43,31645,664,32763,3,65380,110,0
41,144771,804,210237,6,49331,87,1
36,63000,619,258553,8,125617,98,1
38,51737,543,140987,18,44560,65,1
44,36485,811,236823,0,58865,103,0
46,63565,655,111353,9,182758,102,1
45,50522,706,241373,8,80910,93,1
49,144614,607,45556,31,140747,94,1
35,90155,750,38099,31,82986,70,1
21,80168,833,196168,5,15068,31,1
45,77487,629,223058,16,59460,44,1
27,37342,792,164302,9,105766,110,1
29,65806,519,222041,26,51418,25,1
44,73770,781,53866,34,31206,59,1
21,103623,784,125400,20,133180,52,1
28,128177,500,157488,24,5287,26,1
44,124785,618,92516,27,27337,89,1
31,100629,534,206987,14,156738,67,1
37,145993,697,209139,3,137233,11,1
28,77603,744,178588,28,105667,13,1
55,137726,558,149295,8,95071,94,1
55,106974,824,107969,26,103064,48,1
53,130947,660,152161,25,174823,107,1
25,51399,678,225735,18,111511,103,1
59,110382,705,161559,27,150830,15,1
48,106244,511,282299,16,8178,90,1
27,134575,775,143950,19,36831,112,1
29,140520,680,96229,22,138248,98,1
28,135904,741,124648,31,108306,78,1
32,101534,715,58547,32,169726,78,1
54,80106,750,48795,4,162699,29,1
53,137599,798,206368,33,188622,73,1
43,55678,625,41447,10,117025,25,1
44,101218,716,187670,2,180982,60,1
57,88230,805,241823,32,95417,114,1
55,139684,784,276190,10,194323,46,1
42,99055,684,226402,15,171494,113,1
47,81373,538,272419,17,16984,82,0
55,56480,722,249817,29,94312,78,1
21,110230,683,75077,9,197458,51,1
55,93836,677,132782,17,88291,66,1
57,97258,793,122932,18,12135,75,1
34,64986,839,206339,12,5320,18,1
23,49160,650,118696,2,157756,116,0
21,110595,625,70939,9,191985,109,1
25,126358,800,207598,0,93774,95,1
46,104111,807,161521,26,157961,73,1
34,89929,835,70290,7,103071,95,1
59,98506,733,87990,16,184971,31,1
47,59911,507,78810,8,146842,43,1
29,112127,840,138362,5,175393,64,1
35,56821,628,166295,24,114863,38,1
35,100039,763,153669,27,46777,47,1
46,85535,656,216749,32,51250,119,1
33,138453,504,284803,8,78034,106,1
52,109458,585,106516,17,109940,27,1
59,37175,674,94567,20,45130,80,1
52,144235,789,297181,1,185418,74,1
24,79771,692,146498,14,138609,106,1
50,131660,810,197810,27,20216,10,1
57,146300,618,32109,17,89149,97,1
43,111925,717,290931,33,8009,13,1
59,138374,613,259472,21,94904,13,1
35,91358,644,159544,10,165399,91,1
49,42327,525,266183,12,150281,36,0
56,72057,635,174455,3,184515,52,1
33,31150,802,264325,21,20029,68,0
52,29425,731,54518,6,193069,41,1
27,148654,575,73909,23,107171,42,1
42,41032,827,220696,3,119456,37,0
48,27198,844,35282,27,67559,115,1
22,85500,801,259017,14,69892,114,1
26,78394,788,287219,0,75409,64,1
48,45079,500,199526,2,144707,109,0
48,61220,646,48365,13,38065,69,1
40,66874,786,293146,0,125544,79,1
50,38859,641,296091,20,112340,71,0
31,75460,552,230294,28,38783,89,1
48,56419,803,136219,4,39152,43,1
45,143865,568,76307,9,63741,96,1
59,33705,589,155565,27,112049,115,0
53,67880,719,275095,20,187574,97,1
21,48236,691,54228,6,34092,65,1
47,112955,562,230748,2,153725,22,1
33,110514,572,63472,19,176541,65,1
23,128145,660,157888,18,91483,27,1
59,40358,668,97175,34,126585,63,1
26,124713,588,84307,3,64754,86,1
28,119914,675,115028,4,166050,110,1
47,127870,768,162312,0,92592,52,1
29,101918,572,112493,3,99543,48,1
57,144179,744,145149,11,48169,70,1
53,141243,576,249416,26,184359,51,1
44,39596,658,222435,22,59745,90,0
35,58572,823,183834,24,115168,88,1
52,103757,597,290403,20,118985,27,1
52,26279,601,201211,23,10543,32,0
44,88197,631,296993,24,192464,63,1
32,136496,601,83095,31,26067,39,1
59,87516,518,137886,31,56033,107,1
22,32083,581,55292,4,50256,67,1
23,145674,778,94813,15,158263,77,1
57,145307,838,117136,32,91803,76,1
37,134397,830,71631,20,123843,80,1
22,42771,628,29885,8,33992,27,1
22,54975,843,205378,5,53803,115,1
48,70648,809,69812,34,114975,16,1
43,73285,588,201572,21,199549,49,1
57,44063,712,64900,4,149282,79,1
52,92642,642,298432,22,31270,95,1
53,115093,564,92692,16,198080,74,1
21,139390,575,247208,11,141269,77,1
39,111143,698,66403,22,12452,119,1
22,62599,642,111170,15,46486,58,1
46,76920,815,291312,2,19859,61,0
52,53529,592,79871,29,163308,116,1
26,60954,804,52174,21,167971,38,1
52,52856,723,250823,8,37083,30,1
24,27573,790,243563,28,72708,99,1
31,103344,601,157653,22,116462,87,1
37,60367,766,130155,12,152735,18,1
58,127337,609,147795,31,98076,56,1
44,131732,829,108668,22,24053,85,1
25,124608,764,233397,16,147157,51,1
54,85774,502,165639,20,166636,60,1
26,48752,584,259141,1,94745,65,0
42,80029,781,116019,5,195167,60,1
31,42685,827,48803,17,74517,79,1
36,76693,803,169302,29,157225,29,1
53,141739,616,168934,21,141319,97,1
29,80961,720,250147,32,146625,36,1
26,131937,653,50795,29,156883,47,1
36,149956,652,290914,16,142207,81,1
49,101908,511,31093,31,141645,74,1
23,99532,632,299713,13,84267,63,1
40,106994,803,293334,9,143261,33,1
56,81133,792,193824,33,85077,56,1
39,122425,799,183399,8,179718,80,1
46,86268,727,60197,27,81623,92,1
23,117201,770,22261,10,136004,95,1
39,63243,542,177584,13,58687,72,1
40,82384,842,155450,18,73312,66,1
52,56653,825,60583,14,112615,64,1
27,51657,801,180105,27,135976,69,1
53,64952,520,131032,23,32564,108,1
59,47180,606,226940,7,33835,71,0
38,122432,835,246727,8,197659,39,1
21,146829,802,93869,32,12697,102,1
31,103411,616,287554,32,85165,31,1
48,26622,623,207116,18,153118,84,0
45,73756,780,214387,2,62823,93,1
43,65809,791,222416,9,189442,38,1
51,41725,702,106716,0,14615,50,0
50,86396,550,74245,28,141132,51,1
55,76226,770,63056,33,135499,107,1
27,131296,823,270736,12,81436,74,1
36,106182,776,299687,0,196591,40,1
46,107565,640,245683,33,125562,39,1
22,54402,774,285972,28,76117,27,1
21,29263,789,136656,12,197230,26,1
32,148489,833,37087,28,39782,47,1
25,121523,551,156554,23,83533,23,1
57,71828,526,202024,25,194327,96,1
52,145824,656,156535,16,77684,98,1
29,72924,738,263236,6,192990,88,1
55,99182,655,90448,12,84558,119,1
39,118065,790,24648,4,86422,65,1
36,84052,635,55634,25,161328,31,1
23,36664,643,42054,2,166077,76,0
40,60737,605,90028,6,11638,65,1
44,126332,657,42207,0,42419,28,1
53,114563,645,250893,16,38377,66,1
44,54373,501,101554,24,111244,53,1
31,142369,576,172458,2,179188,107,1
28,61397,631,103276,14,172706,44,1
56,111145,589,203852,28,28382,10,1
58,126371,844,212512,31,192135,61,1
40,63709,849,28210,25,158466,94,1
55,141074,762,64363,15,72789,102,1
45,86120,607,262247,24,115634,79,1
55,44250,573,98279,27,136936,46,1
45,46172,538,211420,8,104572,74,0
49,36555,658,206356,0,176294,60,0
38,112410,570,223196,28,149738,10,1
38,103617,811,219919,21,128664,100,1
22,78276,740,277324,15,157027,30,1
55,82492,797,215161,6,115674,62,1
36,78002,535,250363,13,108533,25,1
56,145103,583,154393,28,86845,117,1
53,149938,762,229754,18,74590,70,1
24,114599,809,143053,18,132775,63,1
53,97355,671,203965,1,71471,49,1
34,116248,672,186892,14,48298,35,1
41,49762,546,154832,2,199180,89,0
40,36046,640,173262,10,53924,101,0
28,121999,617,87411,29,152781,74,1
27,149130,776,58211,17,14726,109,1
23,141021,713,233981,1,196896,83,1
37,53769,719,285888,31,45542,73,1
53,78302,525,276638,7,156317,52,1
32,48150,508,168049,21,39753,26,0
42,93247,770,249010,5,84788,68,1
42,29853,509,54542,11,26316,32,0
50,119613,620,30651,14,89698,16,1
58,145900,624,119239,27,20960,53,1
58,114399,669,246416,17,35791,62,1
28,46792,571,298859,1,30216,80,0
47,84129,651,175378,12,168539,117,1
47,131019,707,170158,14,69427,88,1
54,99478,548,161130,19,117470,43,1
41,138811,653,275948,28,198119,55,1
50,139130,846,84200,28,78290,118,1
53,92298,792,125848,2,52014,77,1
48,56987,567,126022,18,140150,87,1
53,40850,549,197691,2,55519,87,0
25,37112,651,276453,13,9042,25,0
39,146789,518,82068,3,54052,80,1
24,49058,599,181445,10,19389,105,0
55,70420,559,184226,30,100961,28,1
37,63890,666,157103,31,73111,11,1
48,91017,701,244605,26,110058,19,1
50,72304,844,223047,29,98715,59,1
49,57921,645,269768,1,55733,90,0
26,130921,663,179741,8,39754,110,1
55,26524,741,114475,27,154696,21,1
57,125424,568,22282,30,90886,79,1
44,40048,674,185696,33,162753,31,0
49,60111,548,199510,14,94524,41,1
51,62904,607,240972,24,86006,114,1
55,79912,725,182777,7,29704,93,1
53,59008,660,188509,8,99913,10,1
41,25060,618,228944,31,99108,63,0
52,99666,648,139006,16,12493,67,1
43,108559,649,256440,34,74639,79,1
53,80337,792,224054,18,59383,92,1
23,135616,642,27461,28,139066,27,1
38,38350,659,120123,6,52234,15,0
45,49354,510,292660,27,183363,54,0
51,70186,637,168586,8,133674,106,1
23,53145,577,251496,27,10594,32,0
44,59020,576,187860,5,12371,32,0
52,111123,753,226821,28,52315,35,1
42,131667,757,212121,16,132251,86,1
43,100186,819,56027,15,84526,16,1
22,110469,790,193921,22,152698,88,1
47,45581,762,168930,30,91005,53,1
22,113929,584,235234,2,110573,36,1
46,48051,645,99003,20,143202,35,1
37,76474,822,203467,25,142900,106,1
53,116748,541,59758,21,62514,88,1
29,139618,624,102279,11,188736,45,1
59,94626,666,35434,12,153955,118,1
49,31960,740,215119,10,179131,64,1
46,60772,779,265754,15,179004,73,1
55,46520,687,103555,7,197341,100,1
45,74481,801,148379,1,80986,66,1
44,61408,518,236992,29,90959,78,1
33,119006,567,259511,29,7035,70,1
27,82134,717,196806,11,114767,11,1
56,45491,601,88803,9,176817,64,1
40,26341,541,244448,10,22241,106,0
21,69623,787,195251,14,57975,89,1
28,115327,666,222514,15,159226,96,1
36,25338,608,265404,16,161697,47,0
34,96431,535,137961,25,181022,89,1
32,37254,731,37297,1,61396,87,1
43,76860,728,284155,11,123920,38,1
35,36344,663,140234,25,149403,35,0
48,26750,572,64014,22,199999,44,1
54,79756,635,263166,17,91226,88,1
22,92957,569,198570,31,89719,76,1
52,130423,695,278864,2,68014,96,1
43,83053,768,293264,2,44346,38,1
42,95855,548,228559,29,75411,43,1
45,40896,815,111575,0,190550,106,1
42,80761,629,115040,29,148326,50,1
42,87552,504,168510,31,191806,50,1
26,145075,526,199587,27,164693,32,1
35,102454,659,25744,20,81441,80,1
57,143681,648,234892,12,51121,12,1
53,115600,763,170871,26,65197,67,1
28,147732,729,244834,6,89577,41,1
25,137153,699,140906,21,99634,40,1
59,147926,549,221260,9,178503,91,1
24,52935,566,240931,14,105211,52,1
26,62641,799,273593,14,140909,16,1
52,54711,557,258746,3,185066,114,0
50,95342,758,27597,31,148687,10,1
55,131896,841,223199,22,6466,70,1
36,37182,825,228434,5,35771,23,1
33,112833,629,177489,23,88886,61,1
50,81276,714,135598,19,70911,105,1
39,44541,671,270100,19,156818,15,0
37,119457,757,278589,11,93422,112,1
39,107310,601,204233,32,196811,19,1
48,69813,708,272388,27,78369,80,1
46,62198,790,153241,7,6893,99,1
57,33820,785,235164,0,35573,107,0
46,49070,615,173124,21,101907,39,0
43,94768,763,224923,5,176946,109,1
29,36122,649,28036,20,104956,30,1
32,105559,799,51778,31,123580,69,1
21,98543,535,174245,34,169439,90,1
21,108441,832,181475,14,157271,106,1
54,66786,786,222747,4,96404,83,1
52,119934,802,38800,5,62724,72,1
45,124804,810,251312,24,91133,51,1
21,31737,707,79500,28,172477,60,1
36,61062,605,187647,6,20989,73,0
59,79237,657,256527,12,33931,85,1
25,76571,620,130659,17,14290,65,1
42,50510,554,47716,1,174439,89,1
49,44426,511,22352,7,126136,50,1
23,62265,644,153004,10,84878,41,1
32,42850,635,28556,32,95477,24,1
46,143249,502,281973,26,131299,71,1
36,91150,643,156570,19,166205,36,1
57,112312,529,227190,11,110686,37,1
42,114613,736,70098,30,163124,90,1
49,99910,778,160641,26,112286,73,1
34,77375,847,267199,31,45475,119,1
48,146826,614,146060,9,87666,68,1
25,60435,603,207954,2,101622,67,0
50,121443,617,221465,26,193728,11,1
25,82132,504,150544,34,140705,45,1
32,103945,747,20340,30,153376,80,1
36,107050,820,195021,14,112573,22,1
46,120402,620,102302,15,51546,24,1
46,27983,785,242740,12,12008,98,0
41,122241,648,20138,34,53291,96,1
59,45662,583,139619,10,163477,69,0
56,48510,730,119931,20,41386,31,1
53,103187,787,176951,10,95909,72,1
50,65998,660,57772,29,156899,99,1
57,81846,771,78478,34,38040,106,1
43,119071,537,46762,21,65354,84,1
30,31640,725,164355,30,83543,83,1
25,69547,641,214994,13,23157,34,0
56,79620,791,190492,23,40315,110,1
54,40317,650,94965,31,40932,57,1
51,140608,613,197912,31,157236,52,1
30,32564,736,195767,14,150486,47,1
39,52345,565,256281,34,150399,50,1
52,138824,840,104754,2,118880,54,1
21,119223,757,97988,15,137018,97,1
25,148372,748,170023,4,19693,49,1
24,104273,830,152379,20,32241,119,1
36,99859,822,100388,9,120194,106,1
44,105765,679,259779,18,100790,26,1
36,135017,689,226846,24,151612,97,1
22,99038,653,190047,3,77255,110,1
48,148618,695,152212,28,177275,66,1
52,77393,810,283852,18,161153,11,1
47,91081,761,96021,1,197933,105,1
40,127650,642,179380,9,16350,71,1
44,54430,841,64789,24,191584,97,1
32,100532,815,46086,19,61809,18,1
55,52788,600,299003,18,106894,77,1
53,120505,743,27684,22,102557,90,1
53,73543,511,111088,23,178904,26,1
57,38919,738,66099,10,164441,59,1
32,94346,548,86093,33,36728,103,1
23,121122,541,180761,27,22576,49,1
21,64974,665,33893,4,165073,67,1
53,132309,581,86418,4,88384,84,1
30,41371,790,145074,20,5390,94,0
49,70084,657,150351,11,50436,30,1
33,54629,715,211083,3,16569,27,0
32,76184,657,58635,19,149101,64,1
51,86916,633,115071,24,27490,38,1
22,98972,566,92805,13,50875,33,1
55,87187,835,284598,10,10867,83,1
43,37984,506,202170,31,85820,118,0
37,58039,513,213226,10,104515,26,1
46,110431,572,164063,17,14121,27,1
28,108691,662,88344,26,6539,51,1
49,83606,565,56593,17,153099,93,1
46,35616,846,56304,22,132402,110,1
30,127665,629,206292,10,79229,54,1
46,130373,705,133613,20,144993,91,1
54,75072,775,220410,4,55435,26,1
27,49574,755,38354,22,146382,82,1
24,28430,765,26142,24,68965,23,1
31,144123,524,203043,9,116048,58,1
49,37676,780,204482,21,101444,38,1
56,35816,752,170575,18,74922,104,1
45,57733,809,145438,0,102799,13,1
41,110680,788,68456,6,98948,91,1
56,27050,663,120167,3,148314,29,0
30,134996,594,290160,0,13947,56,0
57,58933,769,284528,14,197888,116,1
29,49951,820,213392,11,53785,117,1
44,57413,609,122239,21,124963,18,1
55,59801,835,131431,21,5507,86,1
55,80619,809,60510,16,163223,88,1
56,57913,737,200005,28,16618,36,1
38,137573,524,141668,13,79286,24,1
59,144076,640,262700,19,21122,101,1
52,65600,616,44045,32,143426,110,1
44,82775,524,201948,14,114598,28,1
43,115816,578,110102,11,167051,99,1
52,115093,567,119441,19,91436,61,1
57,137590,672,178175,29,188846,35,1
32,60400,511,269877,2,141109,98,0
33,29494,787,156917,27,33633,35,1
43,105688,627,237770,25,29495,35,1
45,147744,595,138325,29,69550,55,1
55,114431,591,39337,12,41483,101,1
50,99691,640,173385,12,118181,58,1
37,122419,530,282420,1,39069,91,1
40,133730,833,163016,1,143442,105,1
45,68001,519,101442,25,124873,62,1
42,92364,645,69847,10,121843,12,1
33,149988,815,78653,7,76947,75,1
39,70028,659,237144,21,175205,106,1
56,132434,848,273661,19,100761,51,1
32,122659,542,97842,7,118753,28,1
39,62573,753,292647,28,136764,26,1
32,25806,629,104761,25,33926,117,0
29,149343,559,293734,29,104782,42,1
27,81638,650,161958,16,109700,85,1
48,131506,786,183864,19,78984,58,1
34,54757,504,276910,15,179462,65,1
51,59636,765,140356,6,54593,72,1
39,105097,844,237228,15,80609,12,1
36,73280,629,62727,26,10209,116,1
25,49262,766,28068,22,131700,58,1
55,105435,677,136923,23,142605,64,1
32,87211,752,31390,8,91597,35,1
45,79842,555,126752,34,12211,108,1
41,81979,582,166110,19,14927,81,1
56,139524,598,244790,16,122333,61,1
43,106470,648,41281,30,160666,109,1
36,63197,828,74189,7,81382,16,1
59,66844,655,282093,14,144005,55,1
59,89754,689,142115,30,108780,55,1
34,126868,762,28605,29,45696,109,1
51,59157,579,269415,19,72616,25,1
25,102129,751,175394,11,142161,33,1
55,65042,596,61869,16,192620,70,1
43,86665,759,52955,29,162195,63,1
49,140512,759,81388,28,143869,71,1
31,141953,602,261324,18,55013,10,1
38,107856,539,30207,10,144418,58,1
32,52376,772,238401,33,169744,34,1
29,134049,600,179292,6,153725,19,1
30,80554,807,225157,33,54556,89,1
37,39199,720,42031,19,128723,25,1
58,143533,807,91312,23,31140,67,1
27,106412,623,79766,9,6184,81,1
33,75948,730,163521,31,170565,38,1
29,98781,677,207771,14,180220,112,1
47,97750,562,257199,19,160918,101,1
22,91262,615,256731,2,116361,15,1
25,142424,690,255841,7,158267,25,1
49,71600,561,131041,22,10606,29,1
57,101898,755,136185,10,140028,89,1
58,87483,506,197164,7,21555,80,1
39,43297,654,30350,28,95385,114,1
28,55448,591,247230,29,154762,87,1
21,51172,513,281570,9,63502,52,1
42,67874,728,88487,27,184921,35,1
37,32657,585,168694,12,162419,99,0
27,109386,632,143853,31,108844,87,1
45,50425,682,255062,25,96321,80,1
24,51685,561,253077,21,54056,42,1
56,147000,718,43782,3,199923,35,1
26,137855,745,149936,30,103234,54,1
51,49578,729,173245,17,46850,93,1
39,53831,578,142258,23,32843,72,1
59,32906,648,131668,22,67320,76,0
47,86413,637,298710,21,34793,61,1
30,79028,813,158262,1,175588,77,1
46,32287,564,58333,30,153929,35,1
39,58660,512,231977,10,24627,84,0
59,100758,712,109571,27,66822,11,1
23,85504,741,140263,31,188320,23,1
33,84720,712,45235,4,60798,117,1
48,127979,680,20159,9,180188,39,1
40,59701,837,163217,23,80318,58,1
48,108300,672,182993,34,109186,21,1
28,135177,659,167309,22,92902,99,1
59,42674,663,127507,16,164629,53,1
21,108560,687,34743,0,76334,42,1
23,136543,690,248174,30,111719,22,1
33,48874,807,66101,30,128099,87,1
48,68642,755,262717,33,178686,97,1
45,148867,682,141534,8,17720,107,1
53,122820,616,250604,21,62608,117,1
58,90160,781,207450,12,112449,35,1
26,42602,695,222193,24,107828,30,1
52,128320,533,255422,17,131613,37,1
41,113801,551,166721,11,77095,57,1
36,50931,611,188785,16,110924,109,1
41,119377,751,224535,14,101452,49,1
31,54192,581,196481,14,92593,75,1
57,71542,731,199838,14,171964,115,1
56,67520,726,66154,12,111975,82,1
55,89772,732,289160,16,82242,96,1
39,83762,720,74238,31,121041,88,1
40,75106,541,109081,8,131202,86,1
38,106121,520,267644,19,82606,32,1
34,50559,541,219775,25,128769,90,1
35,130595,612,82551,26,123542,57,1
51,58742,604,230695,20,111438,11,1
21,94669,691,173512,17,5924,93,1
23,105199,516,186277,12,56322,29,1
36,46754,619,100811,15,162550,68,1
43,28972,628,274840,8,76042,55,0
31,95831,629,254104,11,51418,12,1
32,137217,559,39008,18,198289,64,1
30,66873,547,222346,6,105699,21,1
52,119661,528,52402,34,95140,49,1
36,131532,596,204456,17,16781,75,1
28,34903,509,279994,15,141587,109,0
58,28020,741,156643,3,122358,87,0
32,66755,813,133550,24,41133,25,1
44,110956,731,111218,31,102628,92,1
48,111988,776,153296,12,81946,43,1
28,70648,783,199767,16,90058,53,1
48,128537,702,261060,5,145167,119,1
56,34516,746,260016,18,156542,15,1
46,137863,789,52441,12,48129,86,1
28,140005,763,258038,25,13531,73,1
48,27396,713,190201,13,42038,109,1
48,109082,699,251324,30,92939,31,1
57,44129,578,112122,3,47674,27,0
56,26591,842,64760,7,132572,21,1
47,36303,843,163252,24,34831,61,1
37,55561,672,118538,12,62174,103,1
29,96719,568,35372,31,16279,60,1
53,143618,586,241035,27,174292,113,1
40,117108,600,131022,29,65610,80,1
33,124616,507,74040,2,188791,105,1
48,149165,832,222440,27,58051,57,1
49,111231,699,98356,2,61652,28,1
33,32314,586,298355,33,70524,15,0
55,142071,542,287986,15,11470,93,1
26,44623,608,299652,21,177870,36,0
38,92675,651,173077,31,58473,62,1
25,137992,516,74575,7,155952,116,1
45,121826,632,170043,7,49439,110,1
22,90082,647,86914,5,19308,57,1
30,108624,776,269134,13,96563,16,1
50,130228,731,87055,31,40081,68,1
25,58130,813,107697,34,186455,78,1
53,76756,727,126239,9,14837,20,1
21,122624,638,255469,2,188223,24,1
38,51292,710,143106,11,123128,73,1
52,136785,527,287499,30,172896,12,1
31,111206,550,22257,28,169145,78,1
41,94274,760,176044,4,117651,32,1
46,27469,760,131715,24,102624,62,1
45,78947,849,46654,30,162371,46,1
42,47534,507,231841,20,194933,18,0
47,88620,819,40808,19,35063,24,1
33,73874,637,72389,21,74453,12,1
53,74708,537,138581,3,107166,102,1
54,99553,610,147927,12,19506,79,1
55,93344,719,54773,19,118604,26,1
21,74138,836,202240,12,31026,35,1
41,79302,722,234764,16,163744,30,1
26,72638,635,77505,32,174489,81,1
48,103249,755,38135,0,57413,30,1
37,130865,828,110887,14,70066,20,1
25,27719,548,142118,12,195285,47,0
51,47890,791,174626,16,55971,81,1
25,102236,823,265739,23,163353,115,1
58,61509,577,299067,7,118978,97,1
23,67534,604,82261,26,164163,44,1
43,127302,668,80948,22,55494,23,1
57,117241,716,260891,7,108864,23,1
57,43787,618,184074,7,154682,19,0
30,73845,689,286357,25,137151,21,1
30,82932,754,161365,12,100386,47,1
39,117124,765,82507,27,182823,117,1
37,116659,648,77134,24,91126,119,1
41,58062,663,153172,15,191504,43,1
34,100713,639,261225,1,167023,50,1
29,112263,846,213069,17,85863,19,1
21,120756,757,268933,16,83291,26,1
33,85461,768,56609,29,130659,26,1
24,100418,680,194037,12,195944,76,1
21,91672,659,159088,31,12235,71,1
52,59832,787,233666,28,87733,104,1
54,56966,787,202885,29,67712,10,1
48,97545,725,251440,17,157545,21,1
51,37987,510,277803,12,130849,112,0
28,62311,509,187093,20,84823,13,1
59,56575,770,175159,29,109215,51,1
46,88852,772,32828,20,37230,22,1
54,26007,682,152473,16,89573,107,1
23,95981,652,297337,18,45644,115,1
32,101242,814,243461,14,184736,94,1
21,72517,833,194863,8,50203,95,1
25,135022,623,259719,9,71677,13,1
50,54257,613,228475,30,161497,91,1
50,112272,777,284889,22,128246,78,1
37,67207,712,286010,29,89817,28,1
43,38281,671,183317,32,74806,11,0
35,86246,787,91354,8,47814,21,1
57,26435,673,71374,0,75219,90,0
41,123875,612,134397,34,185718,83,1
34,125686,621,268552,10,175956,107,1
22,116357,531,49336,33,100345,15,1
31,51660,721,75350,15,105088,17,1
59,30084,618,89561,8,74322,60,1
58,107197,538,81240,31,26650,20,1
54,38507,767,171165,14,99242,72,1
58,97595,732,66607,11,145262,66,1
54,108807,517,206740,32,43196,21,1
38,70539,648,201196,13,175521,82,1
50,140953,648,84110,7,175733,11,1
35,32491,625,204626,7,34709,17,0
47,137831,801,172008,26,85428,20,1
54,75192,737,24426,11,14943,62,1
58,105395,634,239911,0,179312,109,1
53,148797,650,48151,10,181832,19,1
44,88888,735,293452,30,26042,94,1
35,98609,723,260853,16,48894,93,1
50,34077,702,274595,32,142941,17,1
37,142440,755,196743,31,197150,45,1
25,147901,585,110306,28,61759,102,1
49,45953,649,245180,20,110973,115,0
24,101919,734,22204,20,49306,85,1
30,139682,844,112769,22,113369,23,1
37,146041,521,107265,5,191443,63,1
30,92889,847,72428,21,156990,94,1
37,48821,784,53870,7,33379,95,1
40,62567,768,123547,34,125667,30,1
44,140374,757,255990,10,139034,117,1
25,49860,528,69067,23,149923,59,1
54,46195,712,258083,20,122626,103,1
26,102475,782,132217,1,181819,48,1
22,115874,549,118934,18,130180,29,1
33,112266,594,162980,27,57349,97,1
31,46427,587,229329,16,192428,96,0
43,125732,543,277354,5,150817,16,1
36,52083,777,81215,18,10730,18,1
51,112046,670,206907,27,149993,10,1
31,82372,688,128048,1,24023,35,1
36,148786,683,189530,3,181421,47,1
28,69064,502,197241,21,131796,47,1
24,32813,690,158731,25,86533,70,1
24,56598,617,259977,12,88286,53,1
45,137718,518,133688,31,46979,95,1
23,118106,522,240460,16,27837,53,1
52,52082,529,206823,18,151069,83,1
23,54241,794,229987,34,109975,71,1
47,121214,607,289150,27,181111,15,1
49,69569,780,269243,0,25923,26,0
52,36745,627,94218,17,13876,60,0
39,51029,728,216416,32,65973,47,1
41,38025,610,52430,11,138959,33,1
25,126660,635,43091,7,199795,60,1
38,148395,685,277125,23,47422,19,1
48,39288,643,43989,15,56413,81,1
42,114186,571,95451,3,107484,30,1
41,31540,628,38990,26,138913,79,1
26,122768,760,270541,8,33756,94,1
21,106958,502,162105,15,76576,66,1
25,93878,603,298385,11,123248,48,1
32,66846,723,144932,30,15304,97,1
46,126148,819,288083,23,35341,42,1
54,100932,509,133000,13,140830,68,1
34,42482,801,198634,24,153082,27,1
46,48411,730,55063,33,132039,65,1
47,75975,718,227793,2,196830,101,1
29,85545,565,178117,23,167730,66,1
46,137302,611,104703,8,185074,105,1
42,103797,512,255796,25,137447,85,1
50,77307,585,148557,19,104485,57,1
37,28093,733,273317,9,27092,51,0
46,102258,589,215877,18,136562,36,1
56,47042,813,63309,2,8729,83,0
21,77930,553,63527,23,142046,119,1
28,142584,511,244490,4,123222,61,1
55,69413,708,159883,2,90216,51,1
35,138387,513,113344,26,88860,41,1
42,118623,620,175344,15,101870,115,1
34,122883,519,243564,14,26398,35,1
46,58756,574,67153,34,39650,34,1
48,78268,742,128042,11,157364,84,1
43,64214,722,74110,25,108889,32,1
34,106871,569,165051,33,8159,107,1
44,53602,811,261131,22,103162,66,1
22,78331,710,259173,30,198838,61,1
46,73901,600,48328,19,107834,113,1
34,124986,685,132911,11,153137,96,1
27,88416,631,295011,22,26638,102,0
23,57196,610,79234,3,6073,40,0
43,30626,631,268503,22,182583,73,0
38,32424,519,247135,0,34320,80,0
58,37857,523,93402,24,39924,113,1
55,135459,726,297593,1,176806,42,1
35,140621,653,25451,29,73116,94,1
45,44982,792,107178,2,176097,11,1
57,101961,729,256562,20,7159,27,1
48,26980,809,143765,24,53940,56,1
30,73290,701,148389,19,84436,42,1
59,51431,537,209699,21,19678,110,0
37,109976,759,217227,20,197147,107,1
59,132288,687,285786,32,183276,93,1
42,107711,556,280220,14,148093,44,1
46,139187,519,245898,14,142844,60,1
45,51385,772,296266,24,72163,27,1
37,63158,618,88431,20,159536,119,1
33,48019,570,75745,23,56137,97,1
40,43639,503,70081,4,166304,81,1
45,110530,720,236204,5,66497,39,1
24,124911,513,96253,22,105485,53,1
30,46563,502,292355,3,187520,62,0
23,64341,715,131086,26,110468,19,1
38,140672,728,113783,17,5901,96,1
56,30776,835,145681,20,92980,61,1
42,61444,685,107893,27,112594,58,1
54,93916,554,178763,34,7881,20,1
28,33711,753,97960,21,34863,75,1
39,99318,523,42601,22,141694,67,1
57,107970,661,159227,2,137450,99,1
26,137301,657,220191,9,50201,45,1
46,110553,581,187849,24,64251,42,1
54,55707,658,175604,7,77572,56,1
26,64110,687,148727,10,44255,22,1
57,86788,559,83227,4,68212,49,1
53,107879,804,156039,28,55210,98,1
42,63827,818,104289,4,130629,77,1
41,132188,710,171094,8,27499,51,1
26,30655,651,225743,1,107552,28,0
26,69859,608,287866,0,187700,91,0
24,78625,575,178485,29,66360,110,1
50,77098,529,253820,10,140675,103,1
31,40251,813,256994,27,132466,28,1
50,147413,616,88323,11,90473,67,1
51,25526,691,60695,25,148704,32,1
44,93760,518,75841,12,166679,63,1
29,72837,672,218784,7,96873,89,1
23,36536,727,127096,27,70756,74,1
51,53541,849,112764,29,183066,21,1
57,104083,682,105744,8,199454,33,1
56,76027,612,29171,30,61344,43,1
44,59531,682,120755,20,189847,62,1
51,33712,645,128125,33,143421,17,0
26,129101,818,23696,30,76154,27,1
22,90455,615,146310,24,32464,66,1
40,99744,612,171385,11,178696,14,1
48,146787,750,65740,0,126897,35,1
31,30109,750,126611,21,42344,39,1
24,146332,802,268922,0,88791,63,1
35,74268,812,83811,0,160371,22,1
26,125737,617,202385,20,184047,92,1
50,79615,800,83232,14,137534,38,1
58,107503,660,297561,16,125209,12,1
22,148274,697,175801,21,86441,99,1
35,54759,759,132492,34,95456,113,1
31,110708,647,50099,15,86788,67,1
28,85112,739,249206,7,176653,85,1
46,127471,546,138474,16,19175,11,1
25,148153,697,291400,16,142263,84,1
26,51589,546,263588,25,88434,117,1
46,55015,577,54681,12,89518,37,1
24,54009,623,111328,16,71537,91,1
39,108309,574,238512,16,120721,86,1
40,87046,636,54540,13,52645,110,1
53,131661,589,177608,5,28283,95,1
40,51143,824,104700,34,91971,85,1
32,31154,560,207647,13,97759,11,0
21,46804,637,66002,7,195195,110,1
46,66688,549,69812,14,107780,16,1
34,89288,758,211051,26,166096,35,1
58,76195,606,277906,12,185702,99,1
57,45581,612,128946,30,35734,97,1
31,77648,849,86668,34,5515,85,1
56,55087,753,119003,5,115782,25,1
33,74930,617,231142,4,71727,32,1
23,57981,697,240462,21,114164,49,1
53,94298,836,214886,22,51216,69,1
26,71167,550,124601,24,76833,82,1
30,100304,744,289956,33,63755,41,1
25,68408,534,81844,25,32856,24,1
43,64499,801,221165,4,78870,110,1
30,77269,568,194870,25,160234,22,1
22,63559,848,94601,19,142080,14,1
33,139126,819,277927,5,12987,84,1
22,99319,548,193423,5,198604,83,1
40,136925,573,113330,17,101502,61,1
21,120317,691,245391,3,139404,86,1
57,121347,760,233606,16,71323,50,1
29,73787,569,211387,13,175062,62,1
37,60488,589,261133,13,14873,119,0
29,99441,759,182627,12,172516,59,1
31,99663,625,198048,6,171412,24,1
35,47431,730,65095,14,110219,115,1
44,86681,794,165342,18,10033,16,1
58,88483,628,181980,34,78324,49,1
55,147720,779,297667,16,20689,37,1
50,74153,812,82433,34,114756,41,1
51,31368,599,39991,18,5066,108,0
25,52424,825,292919,19,119159,24,1
34,137360,796,167745,34,181318,109,1
31,70004,681,142808,31,12533,94,1
29,108869,673,178128,23,120828,79,1
54,113652,815,157686,16,64658,74,1
32,137755,687,27415,6,43498,13,1
55,81985,556,266038,0,114028,20,0
55,75069,530,274205,34,16772,117,0
21,77326,583,208221,31,94385,35,1
42,133737,651,188616,12,185108,70,1
49,106061,535,69976,5,194603,46,1
28,48398,712,285976,13,17940,32,0
31,123393,605,241883,14,123027,102,1
57,75861,841,231509,3,21932,94,0
34,100897,719,259241,15,192899,118,1
50,106905,662,239526,27,197503,118,1
55,93577,719,208799,15,29648,100,1
41,90641,769,58578,3,37966,112,1
57,34078,619,110453,25,163849,49,0
25,50003,835,228859,27,168639,86,1
39,87768,681,131435,31,153246,32,1
34,76047,605,236101,1,47598,25,0
46,96626,716,171538,30,195271,103,1
24,82660,704,65475,2,149870,70,1
45,129386,569,236232,7,153630,77,1
45,74786,543,177636,23,66084,113,1
38,26925,828,173484,14,180309,89,1
28,108976,800,113526,30,136250,40,1
59,130221,727,71001,8,22118,62,1
34,142832,683,212029,1,27616,115,1
52,51015,606,164228,7,136870,34,1
58,58320,583,45711,6,12601,53,1
53,89881,837,50106,15,30363,21,1
43,115827,749,237583,34,7795,99,1
35,145071,520,158286,29,102462,110,1
53,127215,695,247189,9,181336,106,1
45,51289,677,146479,17,107892,101,1
37,28389,506,156213,4,77833,18,0
53,50683,569,48884,28,8084,21,1
22,38629,626,284852,33,100865,78,0
34,86550,659,35088,22,5731,63,1
59,49826,747,196118,4,137201,63,1
26,125734,702,292158,29,164094,37,1
26,51630,647,215497,5,6605,65,0
23,123762,642,198207,3,82506,108,1
27,71163,698,98077,28,49130,78,1
28,123511,653,159784,22,165337,107,1
35,91435,641,225776,5,168402,119,1
49,36653,812,89087,31,73469,107,1
53,52961,664,294441,17,151259,86,1
50,106941,813,260341,14,161863,112,1
59,99137,520,88368,31,95436,115,1
47,58662,581,239571,8,117341,118,1
56,123818,568,271514,9,175939,67,1
49,81446,630,162180,19,136965,87,1
58,46288,586,279904,5,104694,84,0
53,147555,717,97603,2,24773,51,1
57,120081,804,53872,10,9239,47,1
47,61877,844,292872,16,25863,77,1
53,136562,840,105774,31,56415,62,1
24,40313,660,218522,3,73968,42,0
42,105885,677,240357,3,65430,80,1
22,97715,616,85942,16,6515,65,1
30,35326,695,33689,18,102206,114,1
25,135091,826,53276,4,150677,81,1
30,26560,585,121968,31,61240,110,0
53,104148,788,295194,21,10586,60,1
58,108186,580,86216,5,125419,83,1
33,51745,651,235516,34,127374,52,1
51,56890,560,41644,21,36186,24,1
56,45022,560,82021,0,31928,47,0
44,148629,527,188197,19,127990,24,1
35,77579,542,62291,21,92029,14,1
49,95316,668,45675,10,25711,102,1
28,108847,585,169359,12,59962,92,1
25,53380,676,282318,2,25039,63,0
49,135198,516,112268,8,41561,60,1
24,27356,597,204384,11,6577,19,0
32,95326,697,125410,22,112792,21,1
22,117447,597,149887,13,164422,13,1
47,139994,564,221554,32,169870,104,1
51,114899,829,54675,17,15785,27,1
56,45049,840,286317,8,77227,89,1
56,100717,504,201517,22,123680,113,1
46,130361,501,90305,9,66957,45,1
47,41082,521,188636,18,70431,34,0
25,25661,611,108791,4,153369,96,0
40,62412,556,179034,22,76894,85,1
31,139015,565,90533,29,199844,107,1
30,148191,829,207256,24,155653,45,1
58,27920,597,161650,27,60192,110,0
26,116194,643,151060,33,6462,76,1
28,139306,624,169696,24,133848,18,1
43,85315,666,262188,9,151583,70,1
46,104561,585,257501,13,81106,62,1
32,33946,575,203887,29,53665,27,0
46,119242,843,24986,24,180486,52,1
33,70500,793,283625,13,86010,44,1
38,129540,558,220339,34,77573,72,1
45,41309,637,141950,33,112803,107,0
53,80230,598,145355,9,124682,114,1
32,136822,691,47798,34,18386,87,1
56,123656,742,111649,10,129069,13,1
24,148782,818,39477,10,59460,102,1
25,55027,548,237400,20,142293,50,1
57,97541,531,237060,20,159546,54,1
28,137340,776,293586,21,120375,59,1
48,139846,519,126464,6,117660,88,1
51,84321,653,151184,16,157117,37,1
29,25956,567,107051,1,96319,51,0
49,125375,713,170653,11,121582,89,1
34,99131,642,265300,17,140994,85,1
42,72908,731,79722,10,158778,78,1
31,103339,712,112036,15,47771,107,1
43,50963,578,248634,17,57335,115,1
21,126757,713,167595,34,57949,10,1
57,64443,615,268709,25,100558,48,1
41,124259,591,161880,15,151312,105,1
46,64063,769,255419,5,107272,99,1
56,139225,667,174692,11,7716,26,1
43,141400,557,283031,12,152646,100,1
21,105818,783,105024,3,180138,97,1
35,29703,525,265809,1,197898,44,0
41,90128,565,138639,25,156285,55,1
29,97099,747,101938,26,76916,51,1
29,50849,753,237813,26,55906,48,1
30,56860,543,272100,14,5463,99,0
46,56585,596,104526,7,168045,58,1
55,47015,541,66220,6,79694,71,1
45,102539,726,95277,11,156723,47,1
46,68585,761,142332,12,73694,32,1
31,51958,666,254231,16,25008,31,0
58,51017,778,42931,16,75474,13,1
22,101707,588,109116,20,43185,58,1
27,149677,677,271671,7,92924,68,1
38,70350,696,71913,4,39980,82,1
47,37201,806,270216,25,27504,77,0
